Product Code,Item Cost,Total Stock,Status,url
FLEA 111991513451,£249.00,3,Limited quantity available,https://www.ebay.co.uk/itm/111991513451
FLEA 111996415912,£169.00,0,This item is out of stock. ,https://www.ebay.co.uk/itm/111996415912
FLEA 112001219797,£102.99,0,This item is out of stock. ,https://www.ebay.co.uk/itm/112001219797
FLEA 112002936578,0,0,Product not found!,
FLEA 112064257916,£16.99,3,Limited quantity available,https://www.ebay.co.uk/itm/112064257916
FLEA 112043237035,£349.99,3,Limited quantity available,https://www.ebay.co.uk/itm/112043237035
FLEA 112114318107,£6.97,0,This item is out of stock. ,https://www.ebay.co.uk/itm/112114318107
FLEA 112021082123,£219.00,10,available,https://www.ebay.co.uk/itm/112021082123
FLEA 112107433051,£7.99,10,available,https://www.ebay.co.uk/itm/112107433051
FLEA 112122799273,£74.97,0,This item is out of stock. ,https://www.ebay.co.uk/itm/112122799273
FLEA 112118457629,£37.99,3,Limited quantity available,https://www.ebay.co.uk/itm/112118457629
FLEA 112075970442,£89.99,3,Limited quantity available,https://www.ebay.co.uk/itm/112075970442
FLEA 112022414729,0,0,click & collect only,https://www.ebay.co.uk/p/1053195805?iid=112022414729
FLEA 112157595130,£44.99,3,Limited quantity available,https://www.ebay.co.uk/itm/112157595130
FLEA 112243860765,£149.99,0,This item is out of stock. ,https://www.ebay.co.uk/itm/112243860765
FLEA 112183717452,£7.49,3,Limited quantity available,https://www.ebay.co.uk/itm/112183717452
FLEA 112201091177,£179.00,3,Limited quantity available,https://www.ebay.co.uk/itm/112201091177
FLEA 112115875590,0,0,click & collect only,https://www.ebay.co.uk/p/146489687?iid=112115875590
FLEA 112172616417,£239.97,0,This item is out of stock. ,https://www.ebay.co.uk/itm/112172616417
FLEA 112241818099,£44.99,3,Limited quantity available,https://www.ebay.co.uk/itm/112241818099
FLEA 112239137091,£4.99,3,Limited quantity available,https://www.ebay.co.uk/itm/112239137091
FLEA 112295755778,£99.00,3,Limited quantity available,https://www.ebay.co.uk/itm/112295755778
FLEA 112314281173,£37.99,3,Limited quantity available,https://www.ebay.co.uk/itm/112314281173
FLEA 112302332505,£44.99,3,Limited quantity available,https://www.ebay.co.uk/itm/112302332505
FLEA 112317565821,£31.99,9,available,https://www.ebay.co.uk/itm/112317565821
FLEA 112317552217,£19.99,10,available,https://www.ebay.co.uk/itm/112317552217
FLEA 112153495494,0,0,click & collect only,https://www.ebay.co.uk/p/239762101?iid=112153495494
FLEA 112346314901,£29.99,0,This item is out of stock. ,https://www.ebay.co.uk/itm/112346314901
FLEA 112319803696,£5.99,0,This item is out of stock. ,https://www.ebay.co.uk/itm/112319803696
FLEA 112350732879,£92.49,10,available,https://www.ebay.co.uk/itm/112350732879
FLEA 112359797790,£84.99,3,Limited quantity available,https://www.ebay.co.uk/itm/112359797790
FLEA 112386497098,£19.99,0,This item is out of stock. ,https://www.ebay.co.uk/itm/112386497098
FLEA 112344933656,£22.99,3,Limited quantity available,https://www.ebay.co.uk/itm/112344933656
FLEA 112395812682,£229.99,0,This item is out of stock. ,https://www.ebay.co.uk/itm/112395812682
FLEA 112386573866,£24.99,0,This item is out of stock. ,https://www.ebay.co.uk/itm/112386573866
FLEA 112333610254,0,0,click & collect only,https://www.ebay.co.uk/p/695879497?iid=112333610254
FLEA 112408000441,£21.99,10,available,https://www.ebay.co.uk/itm/112408000441
FLEA 112420745427,£44.99,3,Limited quantity available,https://www.ebay.co.uk/itm/112420745427
FLEA 112426233634,£19.99,0,This item is out of stock. ,https://www.ebay.co.uk/itm/112426233634
FLEA 112424783545,£9.99,0,This item is out of stock. ,https://www.ebay.co.uk/itm/112424783545
FLEA 112425971112,£11.00,4,available,https://www.ebay.co.uk/itm/112425971112
FLEA 112427756340,£6.99,0,This item is out of stock. ,https://www.ebay.co.uk/itm/112427756340
FLEA 112427394080,0,0,click & collect only,https://www.ebay.co.uk/itm/112427394080
FLEA 112346250640,0,0,click & collect only,https://www.ebay.co.uk/c/149003835
FLEA 112428637841,£24.99,7,available,https://www.ebay.co.uk/itm/112428637841
FLEA 112428786398,£74.99,0,This item is out of stock. ,https://www.ebay.co.uk/itm/112428786398
FLEA 112431863803,£159.00,0,This item is out of stock. ,https://www.ebay.co.uk/itm/112431863803
FLEA 112427434923,£19.99,0,This item is out of stock. ,https://www.ebay.co.uk/itm/112427434923
FLEA 112387804476,£17.49,0,This item is out of stock. ,https://www.ebay.co.uk/itm/112387804476
FLEA 112442662717,£169.99,0,This item is out of stock. ,https://www.ebay.co.uk/itm/112442662717
FLEA 112450804866,£14.99,3,Limited quantity available,https://www.ebay.co.uk/itm/112450804866
FLEA 112431863821,£335.00,3,Limited quantity available,https://www.ebay.co.uk/itm/112431863821
FLEA 112435700140,£7.99,3,Limited quantity available,https://www.ebay.co.uk/itm/112435700140
FLEA 112452645015,£5.97,0,This item is out of stock. ,https://www.ebay.co.uk/itm/112452645015
FLEA 112457230585,£279.00,0,This item is out of stock. ,https://www.ebay.co.uk/itm/112457230585
FLEA 112452645293,£309.00,10,available,https://www.ebay.co.uk/itm/112452645293
FLEA 112458360442,£319.00,8,available,https://www.ebay.co.uk/itm/112458360442
FLEA 112461136299,£319.00,0,This item is out of stock. ,https://www.ebay.co.uk/itm/112461136299
FLEA 112457230496,£689.00,0,This item is out of stock. ,https://www.ebay.co.uk/itm/112457230496
FLEA 112457230310,£540.00,2,available,https://www.ebay.co.uk/itm/112457230310
FLEA 112470437337,£39.99,10,available,https://www.ebay.co.uk/itm/112470437337
FLEA 112442662650,0,0,click & collect only,https://www.ebay.co.uk/p/14003167830?iid=112442662650
FLEA 112472914280,£749.00,0,This item is out of stock. ,https://www.ebay.co.uk/itm/112472914280
FLEA 112472914230,£46.99,0,This item is out of stock. ,https://www.ebay.co.uk/itm/112472914230
FLEA 112472914376,£79.97,0,This item is out of stock. ,https://www.ebay.co.uk/itm/112472914376
FLEA 112473060955,£54.99,10,available,https://www.ebay.co.uk/itm/112473060955
FLEA 112472914420,£39.99,0,This item is out of stock. ,https://www.ebay.co.uk/itm/112472914420
FLEA 112476653116,£12.99,0,This item is out of stock. ,https://www.ebay.co.uk/itm/112476653116
FLEA 112477493733,£44.99,2,available,https://www.ebay.co.uk/itm/112477493733
FLEA 112470437392,0,0,click & collect only,https://www.ebay.co.uk/p/3032172132?iid=112470437392
FLEA 112477683488,£59.99,3,Limited quantity available,https://www.ebay.co.uk/itm/112477683488
FLEA 112473061151,£64.99,0,This item is out of stock. ,https://www.ebay.co.uk/itm/112473061151
FLEA 112477683442,£40.00,0,This item is out of stock. ,https://www.ebay.co.uk/itm/112477683442
FLEA 112476712340,£25.00,10,available,https://www.ebay.co.uk/itm/112476712340
FLEA 112479917342,£149.97,0,This item is out of stock. ,https://www.ebay.co.uk/itm/112479917342
FLEA 112495069092,£74.99,0,This item is out of stock. ,https://www.ebay.co.uk/itm/112495069092
FLEA 112451165945,0,0,click & collect only,https://www.ebay.co.uk/p/20032166759?iid=112451165945
FLEA 112503399119,£119.00,0,This item is out of stock. ,https://www.ebay.co.uk/itm/112503399119
FLEA 112506410960,£69.99,3,Limited quantity available,https://www.ebay.co.uk/itm/112506410960
FLEA 112495182941,£119.99,4,available,https://www.ebay.co.uk/itm/112495182941
FLEA 112520330197,£299.00,4,available,https://www.ebay.co.uk/itm/112520330197
FLEA 112476712330,0,0,click & collect only,https://www.ebay.co.uk/c/1111344033
FLEA 112513913527,0,0,Product not found!,
FLEA 112517026370,0,0,Product not found!,
FLEA 112503366492,£39.99,5,available,https://www.ebay.co.uk/itm/112503366492
FLEA 112520702354,£149.99,0,This item is out of stock. ,https://www.ebay.co.uk/itm/112520702354
FLEA 112530127234,£409.00,0,This item is out of stock. ,https://www.ebay.co.uk/itm/112530127234
FLEA 112534894940,£119.00,0,This item is out of stock. ,https://www.ebay.co.uk/itm/112534894940
FLEA 112544413995,£229.00,0,This item is out of stock. ,https://www.ebay.co.uk/itm/112544413995
FLEA 112489919336,0,0,click & collect only,https://www.ebay.co.uk/p/11027537660?iid=112489919336
FLEA 112545506194,£199.00,3,Limited quantity available,https://www.ebay.co.uk/itm/112545506194
FLEA 112569191689,£69.99,0,This item is out of stock. ,https://www.ebay.co.uk/itm/112569191689
FLEA 112530141205,£44.99,3,Limited quantity available,https://www.ebay.co.uk/itm/112530141205
FLEA 112551446167,£299.00,0,This item is out of stock. ,https://www.ebay.co.uk/itm/112551446167
FLEA 112551418734,£69.99,0,This item is out of stock. ,https://www.ebay.co.uk/itm/112551418734
FLEA 112520764930,0,0,click & collect only,https://www.ebay.co.uk/p/2255317831?iid=112520764930
FLEA 112493630422,0,0,click & collect only,https://www.ebay.co.uk/c/141176050
FLEA 112537403845,0,0,click & collect only,https://www.ebay.co.uk/p/7002994801?iid=112537403845
FLEA 112569295926,0,0,click & collect only,https://www.ebay.co.uk/p/19031187274?iid=112569295926
